{
  "status": "ok",
  "name": "dinov3_normal_vs_d4",
  "task": "classification",
  "elapsed_seconds": 66.48161768913269,
  "primary": "pr_auc",
  "per_epoch": [
    {
      "epoch": 0,
      "train_loss": 0.6821181511563876,
      "val_loss": 0.7036202714330017,
      "seconds": 4.254011869430542,
      "pr_auc": 0.27848558881451385,
      "macro_f1": 0.37906686326432354,
      "recall_disease": 1.0,
      "precision_disease": 0.03715170278637771,
      "accuracy": 0.5312735493594575,
      "confusion": [
        [
          681,
          622
        ],
        [
          0,
          24
        ]
      ],
      "recall_macro": 0.7613200306983883,
      "precision_macro": 0.5185758513931888,
      "f1_macro": 0.37906686326432354,
      "auroc": 0.9288341007930416
    },
    {
      "epoch": 1,
      "train_loss": 0.5767365171520721,
      "val_loss": 0.5924516569067863,
      "seconds": 1.2596101760864258,
      "pr_auc": 0.45960696262710987,
      "macro_f1": 0.47229884084947965,
      "recall_disease": 1.0,
      "precision_disease": 0.06,
      "accuracy": 0.7166541070082894,
      "confusion": [
        [
          927,
          376
        ],
        [
          0,
          24
        ]
      ],
      "recall_macro": 0.8557175748273216,
      "precision_macro": 0.53,
      "f1_macro": 0.47229884084947965,
      "auroc": 0.9591327705295473
    },
    {
      "epoch": 2,
      "train_loss": 0.3846517554463794,
      "val_loss": 0.40821494540507036,
      "seconds": 1.1661407947540283,
      "pr_auc": 0.593760046555046,
      "macro_f1": 0.5139117281217718,
      "recall_disease": 1.0,
      "precision_disease": 0.07947019867549669,
      "accuracy": 0.7905048982667672,
      "confusion": [
        [
          1025,
          278
        ],
        [
          0,
          24
        ]
      ],
      "recall_macro": 0.8933231005372217,
      "precision_macro": 0.5397350993377483,
      "f1_macro": 0.5139117281217718,
      "auroc": 0.9721316193399846
    },
    {
      "epoch": 3,
      "train_loss": 0.17139615886536988,
      "val_loss": 0.2618395692437955,
      "seconds": 1.2098536491394043,
      "pr_auc": 0.7580682110847705,
      "macro_f1": 0.5796285135907777,
      "recall_disease": 1.0,
      "precision_disease": 0.1276595744680851,
      "accuracy": 0.8764129615674454,
      "confusion": [
        [
          1139,
          164
        ],
        [
          0,
          24
        ]
      ],
      "recall_macro": 0.9370683039140445,
      "precision_macro": 0.5638297872340425,
      "f1_macro": 0.5796285135907777,
      "auroc": 0.9851944231261193
    },
    {
      "epoch": 4,
      "train_loss": 0.08401314500670076,
      "val_loss": 0.2890004794132287,
      "seconds": 1.224311113357544,
      "pr_auc": 0.8636744056005989,
      "macro_f1": 0.5751984754673778,
      "recall_disease": 1.0,
      "precision_disease": 0.12371134020618557,
      "accuracy": 0.8718914845516202,
      "confusion": [
        [
          1133,
          170
        ],
        [
          0,
          24
        ]
      ],
      "recall_macro": 0.9347659247889486,
      "precision_macro": 0.5618556701030928,
      "f1_macro": 0.5751984754673778,
      "auroc": 0.9938922998209261
    },
    {
      "epoch": 5,
      "train_loss": 0.046511288486125714,
      "val_loss": 0.18689451117935985,
      "seconds": 1.1631455421447754,
      "pr_auc": 0.9616226339020456,
      "macro_f1": 0.617665757860774,
      "recall_disease": 1.0,
      "precision_disease": 0.16551724137931034,
      "accuracy": 0.908816880180859,
      "confusion": [
        [
          1182,
          121
        ],
        [
          0,
          24
        ]
      ],
      "recall_macro": 0.9535686876438987,
      "precision_macro": 0.5827586206896551,
      "f1_macro": 0.617665757860774,
      "auroc": 0.9988168329496034
    },
    {
      "epoch": 6,
      "train_loss": 0.03999576142820887,
      "val_loss": 0.1288900510565895,
      "seconds": 1.1836469173431396,
      "pr_auc": 0.9878472222222222,
      "macro_f1": 0.6605090203343479,
      "recall_disease": 1.0,
      "precision_disease": 0.21621621621621623,
      "accuracy": 0.9344385832705351,
      "confusion": [
        [
          1216,
          87
        ],
        [
          0,
          24
        ]
      ],
      "recall_macro": 0.966615502686109,
      "precision_macro": 0.6081081081081081,
      "f1_macro": 0.6605090203343479,
      "auroc": 0.999712202609363
    },
    {
      "epoch": 7,
      "train_loss": 0.024334893352146947,
      "val_loss": 0.0680694295922975,
      "seconds": 1.2332549095153809,
      "pr_auc": 0.9923115079365079,
      "macro_f1": 0.7716710135477794,
      "recall_disease": 1.0,
      "precision_disease": 0.3870967741935484,
      "accuracy": 0.9713639788997739,
      "confusion": [
        [
          1265,
          38
        ],
        [
          0,
          24
        ]
      ],
      "recall_macro": 0.985418265541059,
      "precision_macro": 0.6935483870967742,
      "f1_macro": 0.7716710135477794,
      "auroc": 0.9998401125607572
    },
    {
      "epoch": 8,
      "train_loss": 0.014564455860183628,
      "val_loss": 0.09565120352644083,
      "seconds": 1.1667835712432861,
      "pr_auc": 0.992311507936508,
      "macro_f1": 0.7222296224971742,
      "recall_disease": 1.0,
      "precision_disease": 0.3037974683544304,
      "accuracy": 0.9585531273549359,
      "confusion": [
        [
          1248,
          55
        ],
        [
          0,
          24
        ]
      ],
      "recall_macro": 0.9788948580199539,
      "precision_macro": 0.6518987341772152,
      "f1_macro": 0.7222296224971742,
      "auroc": 0.9998401125607572
    },
    {
      "epoch": 9,
      "train_loss": 0.012268972028219161,
      "val_loss": 0.07246548588687347,
      "seconds": 1.138895034790039,
      "pr_auc": 0.9940476190476191,
      "macro_f1": 0.7492788855159904,
      "recall_disease": 1.0,
      "precision_disease": 0.34782608695652173,
      "accuracy": 0.9660889223813113,
      "confusion": [
        [
          1258,
          45
        ],
        [
          0,
          24
        ]
      ],
      "recall_macro": 0.9827321565617805,
      "precision_macro": 0.6739130434782609,
      "f1_macro": 0.7492788855159904,
      "auroc": 0.9998720900486057
    },
    {
      "epoch": 10,
      "train_loss": 0.013054845093581251,
      "val_loss": 0.06564127331558887,
      "seconds": 1.1525721549987793,
      "pr_auc": 0.9940476190476191,
      "macro_f1": 0.7649330404591511,
      "recall_disease": 1.0,
      "precision_disease": 0.375,
      "accuracy": 0.9698568198944989,
      "confusion": [
        [
          1263,
          40
        ],
        [
          0,
          24
        ]
      ],
      "recall_macro": 0.9846508058326937,
      "precision_macro": 0.6875,
      "f1_macro": 0.7649330404591511,
      "auroc": 0.9998720900486058
    },
    {
      "epoch": 11,
      "train_loss": 0.01806482344369367,
      "val_loss": 0.056134736287521976,
      "seconds": 1.1701998710632324,
      "pr_auc": 0.9953703703703702,
      "macro_f1": 0.7977780508787022,
      "recall_disease": 1.0,
      "precision_disease": 0.43636363636363634,
      "accuracy": 0.9766390354182366,
      "confusion": [
        [
          1272,
          31
        ],
        [
          0,
          24
        ]
      ],
      "recall_macro": 0.9881043745203377,
      "precision_macro": 0.7181818181818181,
      "f1_macro": 0.7977780508787022,
      "auroc": 0.9999040675364543
    },
    {
      "epoch": 12,
      "train_loss": 0.007223493727293309,
      "val_loss": 0.07757859785999673,
      "seconds": 1.1738853454589844,
      "pr_auc": 0.9953703703703703,
      "macro_f1": 0.7406176700547302,
      "recall_disease": 1.0,
      "precision_disease": 0.3333333333333333,
      "accuracy": 0.9638281838733986,