{
  "seed": 42,
  "balance_valid": true,
  "crosscheck": {
    "run": "convnextv2_detection_singlebox",
    "metrics_det_pr_auc": 0.9999009900990099,
    "sklearn_det_pr_auc": 0.9999009900990099,
    "metrics_det_roc_auc": 0.9999,
    "sklearn_det_roc_auc": 0.9999,
    "pr_match": true,
    "roc_match": true
  },
  "results": {
    "convnextv2_detection_singlebox": {
      "arch": "convnextv2",
      "img_size": 512,
      "with_objectness": true,
      "params_M": 28.07,
      "best_epoch": 37,
      "balanced_valid_counts": {
        "disease_3": 76,
        "disease_4": 24,
        "normal": 100
      },
      "n_positive": 100,
      "n_negative": 100,
      "n_total": 200,
      "det_pr_auc": 0.9999009900990099,
      "det_roc_auc": 0.9999,
      "presence_recall_at_0.5": 0.99,
      "fp_rate_at_0.5": 0.0,
      "map_at_0.5": 0.6029313821009014,
      "iou_median": 0.6669616440037789,
      "iou_mean": 0.6199055499423313,
      "iou_at_0.5_presence": 0.7,
      "orig_full": {
        "det_pr_auc": 0.9977459361470546,
        "det_roc_auc": 0.999823484267076,
        "presence_recall_at_0.5": 0.99,
        "fp_rate_at_0.5": 0.0030698388334612432,
        "map_at_0.5": 0.6025321579001308,
        "iou_median": 0.6669679882218131,
        "iou_mean": 0.6199094665106331,
        "iou_at_0.5_presence": 0.7,
        "n_positive": 100,
        "n_negative": 1303
      }
    },
    "efficientnetv2_detection_singlebox": {
      "arch": "efficientnetv2",
      "img_size": 512,
      "with_objectness": true,
      "params_M": 20.51,
      "best_epoch": 41,
      "balanced_valid_counts": {
        "disease_3": 76,
        "disease_4": 24,
        "normal": 100
      },
      "n_positive": 100,
      "n_negative": 100,
      "n_total": 200,
      "det_pr_auc": 1.0,
      "det_roc_auc": 1.0,
      "presence_recall_at_0.5": 1.0,
      "fp_rate_at_0.5": 0.0,
      "map_at_0.5": 0.4890113459247447,
      "iou_median": 0.5763144683544921,
      "iou_mean": 0.5735919461472758,
      "iou_at_0.5_presence": 0.64,
      "orig_full": {
        "det_pr_auc": 0.999038834516082,
        "det_roc_auc": 0.9999232540291635,
        "presence_recall_at_0.5": 1.0,
        "fp_rate_at_0.5": 0.005372217958557176,
        "map_at_0.5": 0.4890033751734907,
        "iou_median": 0.5763729499292816,
        "iou_mean": 0.5736161191841095,
        "iou_at_0.5_presence": 0.64,
        "n_positive": 100,
        "n_negative": 1303
      }
    },
    "nextvit_detection_singlebox": {
      "arch": "nextvit",
      "img_size": 512,
      "with_objectness": true,
      "params_M": 31.0,
      "best_epoch": 59,
      "balanced_valid_counts": {
        "disease_3": 76,
        "disease_4": 24,
        "normal": 100
      },
      "n_positive": 100,
      "n_negative": 100,
      "n_total": 200,
      "det_pr_auc": 1.0,
      "det_roc_auc": 1.0,
      "presence_recall_at_0.5": 1.0,
      "fp_rate_at_0.5": 0.0,
      "map_at_0.5": 0.45375611868541105,
      "iou_median": 0.6058121908302672,
      "iou_mean": 0.5700398317579948,
      "iou_at_0.5_presence": 0.59,
      "orig_full": {
        "det_pr_auc": 0.9990430402930403,
        "det_roc_auc": 0.9999232540291635,
        "presence_recall_at_0.5": 1.0,
        "fp_rate_at_0.5": 0.0061396776669224865,
        "map_at_0.5": 0.45375611868541105,
        "iou_median": 0.6058112515405848,
        "iou_mean": 0.5700405380298114,
        "iou_at_0.5_presence": 0.59,
        "n_positive": 100,
        "n_negative": 1303
      }
    },
    "nextvit20_detection_singlebox": {
      "arch": "nextvit20",
      "img_size": 512,
      "with_objectness": true,
      "params_M": 44.06,
      "best_epoch": 37,
      "balanced_valid_counts": {
        "disease_3": 76,
        "disease_4": 24,
        "normal": 100
      },
      "n_positive": 100,
      "n_negative": 100,
      "n_total": 200,
      "det_pr_auc": 0.9999009900990099,
      "det_roc_auc": 0.9999,
      "presence_recall_at_0.5": 0.99,
      "fp_rate_at_0.5": 0.01,
      "map_at_0.5": 0.42235314105792715,
      "iou_median": 0.5694828776596299,
      "iou_mean": 0.559599978564235,
      "iou_at_0.5_presence": 0.56,
      "orig_full": {
        "det_pr_auc": 0.9933712421217712,
        "det_roc_auc": 0.9994627782041443,
        "presence_recall_at_0.5": 0.99,
        "fp_rate_at_0.5": 0.012279355333844973,
        "map_at_0.5": 0.42146274831348796,
        "iou_median": 0.5694844444302758,
        "iou_mean": 0.5596004801401261,
        "iou_at_0.5_presence": 0.56,
        "n_positive": 100,
        "n_negative": 1303
      }
    },
    "densenet121_detection_singlebox": {
      "arch": "densenet121",
      "img_size": 512,
      "with_objectness": true,
      "params_M": 7.22,
      "best_epoch": 45,
      "balanced_valid_counts": {
        "disease_3": 76,
        "disease_4": 24,
        "normal": 100
      },
      "n_positive": 100,
      "n_negative": 100,
      "n_total": 200,
      "det_pr_auc": 1.0,
      "det_roc_auc": 1.0,
      "presence_recall_at_0.5": 1.0,
      "fp_rate_at_0.5": 0.0,
      "map_at_0.5": 0.5843501372326608,
      "iou_median": 0.6214501918871118,
      "iou_mean": 0.6040143103349609,
      "iou_at_0.5_presence": 0.67,
      "orig_full": {
        "det_pr_auc": 0.9997039215686274,
        "det_roc_auc": 0.999976976208749,
        "presence_recall_at_0.5": 1.0,
        "fp_rate_at_0.5": 0.0030698388334612432,
        "map_at_0.5": 0.5843583474132847,
        "iou_median": 0.6214330622077193,
        "iou_mean": 0.603987706534776,
        "iou_at_0.5_presence": 0.67,
        "n_positive": 100,
        "n_negative": 1303
      }
    },
    "resnet50_detection_singlebox": {
      "arch": "resnet50",
      "img_size": 512,
      "with_objectness": true,
      "params_M": 24.04,
      "best_epoch": 34,
      "balanced_valid_counts": {
        "disease_3": 76,
        "disease_4": 24,
        "normal": 100
      },
      "n_positive": 100,
      "n_negative": 100,
      "n_total": 200,
      "det_pr_auc": 0.9999009900990099,
      "det_roc_auc": 0.9999,
      "presence_recall_at_0.5": 0.98,
      "fp_rate_at_0.5": 0.0,
      "map_at_0.5": 0.4948838030559217,
      "iou_median": 0.5656168949446847,
      "iou_mean": 0.5647617117458141,
      "iou_at_0.5_presence": 0.6,
      "orig_full": {
        "det_pr_auc": 0.9984558413457021,
        "det_roc_auc": 0.9998772064466616,
        "presence_recall_at_0.5": 0.98,
        "fp_rate_at_0.5": 0.0015349194167306216,
        "map_at_0.5": 0.494819370066231,
        "iou_median": 0.565568764089775,
        "iou_mean": 0.5647609613189665,
        "iou_at_0.5_presence": 0.6,
        "n_positive": 100,
        "n_negative": 1303
      }
    },
    "mamba_detection_singlebox": {
      "arch": "mamba",
      "img_size": 512,
      "with_objectness": true,
      "params_M": 4.03,
      "best_epoch": 37,
      "balanced_valid_counts": {
        "disease_3": 76,
        "disease_4": 24,
        "normal": 100
      },
      "n_positive": 100,
      "n_negative": 100,
      "n_total": 200,
      "det_pr_auc": 0.9998039215686275,
      "det_roc_auc": 0.9998,
      "presence_recall_at_0.5": 0.99,
      "fp_rate_at_0.5": 0.0,
      "map_at_0.5": 0.5198530831043109,
      "iou_median": 0.6411791752454146,
      "iou_mean": 0.5825119470080055,
      "iou_at_0.5_presence": 0.63,
      "orig_full": {
        "det_pr_auc": 0.9975335877862596,
        "det_roc_auc": 0.9997544128933231,
        "presence_recall_at_0.5": 0.99,
        "fp_rate_at_0.5": 0.004604758250191865,
        "map_at_0.5": 0.5197894467406745,
        "iou_median": 0.6411791679097238,
        "iou_mean": 0.5825119486371999,
        "iou_at_0.5_presence": 0.63,
        "n_positive": 100,
        "n_negative": 1303
      }
    }
  }
}