{
  "name": "dinov3_base_detection_singlebox",
  "arch": "dinov3_base",
  "img_size": 512,
  "seed": 42,
  "frozen_backbone": true,
  "with_objectness": true,
  "params": {
    "total_M": 85.84,
    "trainable_K": 199.7,
    "trainable_M": 0.1997
  },
  "best_epoch": 0,
  "orig_full": {
    "n": 1403,
    "n_pos": 100,
    "n_neg": 1303,
    "det_pr_auc": 1.0,
    "det_roc_auc": 1.0,
    "presence_recall": 1.0,
    "fp_rate": 0.0007674597083653108,
    "tp": 100,
    "fp": 1,
    "recall_ci": [
      0.9630051925239981,
      0.9999999999999999
    ],
    "fp_ci": [
      0.00013548484671205415,
      0.004334528963683941
    ],
    "iou_presence": 0.63,
    "iou_dist": {
      "mean": 0.5469431226256001,
      "median": 0.5649136090209868,
      "p25": 0.38673453277294556,
      "p75": 0.7150026897802493,
      "min": 0.07749754976961433,
      "max": 0.8966411112216267
    },
    "map05": 0.49059946805077237,
    "sep": {
      "pos_median": 0.9551671147346497,
      "pos_p25": 0.9089957028627396,
      "pos_min": 0.719303548336029,
      "neg_median": 0.01655111275613308,
      "neg_p75": 0.051499443128705025,
      "neg_p95": 0.1518154978752134,
      "neg_max": 0.563605785369873,
      "n_neg_ge_0p5": 1
    },
    "pos_ious": [
      0.3460249043485969,
      0.7605746172176815,
      0.8543950183547966,
      0.766061308952115,
      0.8259112369946531,
      0.687211126608402,
      0.562047020262606,
      0.8478158579434558,
      0.8418903552874235,
      0.07749754976961433,
      0.559013652898144,
      0.641314179547825,
      0.5137794688167886,
      0.7987900394017691,
      0.5594463050378882,
      0.8096170216356409,
      0.5115852011140002,
      0.12240240881839574,
      0.4310895696557191,
      0.6007345579741862,
      0.7042565503461122,
      0.6289615503285876,
      0.8144155766802454,
      0.1778603589450053,
      0.6161983739543335,
      0.7741139467760281,
      0.7703941242783531,
      0.253321828307373,
      0.43654498161497135,
      0.5449264062311429,
      0.7465474755926219,
      0.6101243435484728,
      0.7651106098923437,
      0.8236310323502776,
      0.6220019597640857,
      0.4201298897361271,
      0.2899250665476362,
      0.5359819711642257,
      0.5919023453416953,
      0.7677306296350443,
      0.7850662292255913,
      0.6413578579671501,
      0.630841463328793,
      0.3645947616841688,
      0.7025571059981334,
      0.8966411112216267,
      0.6379696035517317,
      0.39194900873853067,
      0.462689318258566,
      0.30455960598280307,
      0.7950663002553169,
      0.8158260795355587,
      0.46636685456474586,
      0.28839620383938136,
      0.19179355210391671,
      0.5311940948365992,
      0.7070329204010837,
      0.6625636676167996,
      0.5221057734152892,
      0.4487698415856712,
      0.2087523125659822,
      0.6892534052359766,
      0.5224687886947086,
      0.47181553578112156,
      0.10656730844966068,
      0.3700974786132866,
      0.29769144638339645,
      0.37045779608896895,
      0.6535072682996499,
      0.5163574066921327,
      0.48555091196367095,
      0.11535196182385843,
      0.5956453793528311,
      0.48994287809827425,
      0.5853454416882872,
      0.774963382102436,
      0.39799912954467415,
      0.3710911048761901,
      0.31508922765835645,
      0.3507233622950572,
      0.24952326524150972,
      0.3271481256593526,
      0.7389119979177463,
      0.5699055173298065,
      0.3690560412953218,
      0.7884061955616788,
      0.6519447698566193,
      0.699967863179532,
      0.5640309156791193,
      0.760181355601185,
      0.5657963023628542,
      0.49674276734752576,
      0.8373674141614758,
      0.11965029925263908,
      0.7407802265843495,
      0.5899957864429793,
      0.6065096730996102,
      0.3578908233306601,
      0.5544842503115953,
      0.15872537035007442
    ]
  },
  "balanced": {
    "n": 200,
    "n_pos": 100,
    "n_neg": 100,
    "det_pr_auc": 1.0,
    "det_roc_auc": 1.0,
    "presence_recall": 1.0,
    "fp_rate": 0.0,
    "tp": 100,
    "fp": 0,
    "recall_ci": [
      0.9630051925239981,
      0.9999999999999999
    ],
    "fp_ci": [
      0.0,
      0.03699480747600191
    ],
    "iou_presence": 0.63,
    "iou_dist": {
      "mean": 0.5469431226256001,
      "median": 0.5649136090209868,
      "p25": 0.38673453277294556,
      "p75": 0.7150026897802493,
      "min": 0.07749754976961433,
      "max": 0.8966411112216267
    },
    "map05": 0.49059946805077237,
    "sep": {
      "pos_median": 0.9551671147346497,
      "pos_p25": 0.9089957028627396,
      "pos_min": 0.719303548336029,
      "neg_median": 0.01728682778775692,
      "neg_p75": 0.05294900294393301,
      "neg_p95": 0.16977252885699265,
      "neg_max": 0.39841732382774353,
      "n_neg_ge_0p5": 0
    },
    "pos_ious": [
      0.3460249043485969,
      0.7605746172176815,
      0.8543950183547966,
      0.766061308952115,
      0.8259112369946531,
      0.687211126608402,
      0.562047020262606,
      0.8478158579434558,
      0.8418903552874235,
      0.07749754976961433,
      0.559013652898144,
      0.641314179547825,
      0.5137794688167886,
      0.7987900394017691,
      0.5594463050378882,
      0.8096170216356409,
      0.5115852011140002,
      0.12240240881839574,
      0.4310895696557191,
      0.6007345579741862,
      0.7042565503461122,
      0.6289615503285876,
      0.8144155766802454,
      0.1778603589450053,
      0.6161983739543335,
      0.7741139467760281,
      0.7703941242783531,
      0.253321828307373,
      0.43654498161497135,
      0.5449264062311429,
      0.7465474755926219,
      0.6101243435484728,
      0.7651106098923437,
      0.8236310323502776,
      0.6220019597640857,
      0.4201298897361271,
      0.2899250665476362,
      0.5359819711642257,
      0.5919023453416953,
      0.7677306296350443,
      0.7850662292255913,
      0.6413578579671501,
      0.630841463328793,
      0.3645947616841688,
      0.7025571059981334,
      0.8966411112216267,
      0.6379696035517317,
      0.39194900873853067,
      0.462689318258566,
      0.30455960598280307,
      0.7950663002553169,
      0.8158260795355587,
      0.46636685456474586,
      0.28839620383938136,
      0.19179355210391671,
      0.5311940948365992,
      0.7070329204010837,
      0.6625636676167996,
      0.5221057734152892,
      0.4487698415856712,
      0.2087523125659822,
      0.6892534052359766,
      0.5224687886947086,
      0.47181553578112156,
      0.10656730844966068,
      0.3700974786132866,
      0.29769144638339645,
      0.37045779608896895,
      0.6535072682996499,
      0.5163574066921327,
      0.48555091196367095,
      0.11535196182385843,
      0.5956453793528311,
      0.48994287809827425,
      0.5853454416882872,
      0.774963382102436,
      0.39799912954467415,
      0.3710911048761901,
      0.31508922765835645,
      0.3507233622950572,
      0.24952326524150972,
      0.3271481256593526,
      0.7389119979177463,
      0.5699055173298065,
      0.3690560412953218,
      0.7884061955616788,
      0.6519447698566193,
      0.699967863179532,
      0.5640309156791193,
      0.760181355601185,
      0.5657963023628542,
      0.49674276734752576,
      0.8373674141614758,
      0.11965029925263908,
      0.7407802265843495,
      0.5899957864429793,
      0.6065096730996102,
      0.3578908233306601,
      0.5544842503115953,
      0.15872537035007442
    ],
    "balanced_valid_counts": {
      "disease_3": 76,
      "disease_4": 24,
      "normal": 100
    }
  },
  "crosscheck": {
    "orig": {
      "recomputed_det_pr_auc": 1.0,
      "sklearn_det_pr_auc": 1.0,
      "recomputed_det_roc_auc": 1.0,
      "sklearn_det_roc_auc": 1.0,
      "pr_match": true,
      "roc_match": true
    },
    "balanced": {
      "recomputed_det_pr_auc": 1.0,
      "sklearn_det_pr_auc": 1.0,
      "recomputed_det_roc_auc": 1.0,
      "sklearn_det_roc_auc": 1.0,
      "pr_match": true,
      "roc_match": true
    }
  },